<?xml version="1.0" encoding="UTF-8"?>
<metadata xml:lang="id"><Esri><CreaDate>20250317</CreaDate><CreaTime>16340600</CreaTime><ArcGISFormat>1.0</ArcGISFormat><SyncOnce>FALSE</SyncOnce><DataProperties><lineage><Process ToolSource="c:\program files (x86)\arcgis\desktop10.1\ArcToolbox\Toolboxes\Data Management Tools.tbx\CalculateField" Date="20200217" Time="114853">CalculateField KADIPATEN nop Right( [NOP_1],8  ) VB #</Process><Process ToolSource="c:\program files (x86)\arcgis\desktop10.7\ArcToolbox\Toolboxes\Data Management Tools.tbx\CalculateField" Date="20200520" Time="131608">CalculateField KEC_ANDONG KECAMATAN "ANDONG" VB #</Process><Process ToolSource="c:\program files (x86)\arcgis\desktop10.7\ArcToolbox\Toolboxes\Conversion Tools.tbx\FeatureClassToFeatureClass" Date="20200520" Time="141400">FeatureClassToFeatureClass ANDONG_KEMUSU_KARANGGEDE_KLEGO_SIMO "D:\Project GeoData\Kabupaten Boyolali\KOREKSI BATAS\OUTPUT KOREKSI BATAS\OUTPUT.gdb\BATAS_SKALA_BESAR" BATAS_SKALA_BESAR # "d_nop "d_nop" true true false 18 Text 0 0 ,First,#,ANDONG_KEMUSU_KARANGGEDE_KLEGO_SIMO,d_nop,-1,-1;d_luas "d_luas" true true false 19 Double 0 0 ,First,#,ANDONG_KEMUSU_KARANGGEDE_KLEGO_SIMO,d_luas,-1,-1;nop "nop" true true false 50 Text 0 0 ,First,#,ANDONG_KEMUSU_KARANGGEDE_KLEGO_SIMO,nop,-1,-1;THN_PAJAK "THN_PAJAK" true true false 254 Text 0 0 ,First,#,ANDONG_KEMUSU_KARANGGEDE_KLEGO_SIMO,THN_PAJAK,-1,-1;NOP_1 "NOP_1" true true false 254 Text 0 0 ,First,#,ANDONG_KEMUSU_KARANGGEDE_KLEGO_SIMO,NOP_1,-1,-1;NAMA_WP "NAMA_WP" true true false 254 Text 0 0 ,First,#,ANDONG_KEMUSU_KARANGGEDE_KLEGO_SIMO,NAMA_WP,-1,-1;ALMAT_SUBP "ALMAT_SUBP" true true false 254 Text 0 0 ,First,#,ANDONG_KEMUSU_KARANGGEDE_KLEGO_SIMO,ALMAT_SUBP,-1,-1;ALMAT_OBJP "ALMAT_OBJP" true true false 254 Text 0 0 ,First,#,ANDONG_KEMUSU_KARANGGEDE_KLEGO_SIMO,ALMAT_OBJP,-1,-1;KELURAHAN "KELURAHAN" true true false 254 Text 0 0 ,First,#,ANDONG_KEMUSU_KARANGGEDE_KLEGO_SIMO,KELURAHAN,-1,-1;KECAMATAN "KECAMATAN" true true false 254 Text 0 0 ,First,#,ANDONG_KEMUSU_KARANGGEDE_KLEGO_SIMO,KECAMATAN,-1,-1;NOMINALPBB "NOMINALPBB" true true false 19 Double 0 0 ,First,#,ANDONG_KEMUSU_KARANGGEDE_KLEGO_SIMO,NOMINALPBB,-1,-1;PBB_DBYR "PBB_DBYR" true true false 254 Text 0 0 ,First,#,ANDONG_KEMUSU_KARANGGEDE_KLEGO_SIMO,PBB_DBYR,-1,-1;SISA_BYR "SISA_BYR" true true false 254 Text 0 0 ,First,#,ANDONG_KEMUSU_KARANGGEDE_KLEGO_SIMO,SISA_BYR,-1,-1;ORIG_FID "ORIG_FID" true true false 9 Long 0 9 ,First,#,ANDONG_KEMUSU_KARANGGEDE_KLEGO_SIMO,ORIG_FID,-1,-1;DESA "DESA" true true false 50 Text 0 0 ,First,#,ANDONG_KEMUSU_KARANGGEDE_KLEGO_SIMO,DESA,-1,-1;PL_CITRA "PL_CITRA" true true false 50 Text 0 0 ,First,#,ANDONG_KEMUSU_KARANGGEDE_KLEGO_SIMO,PL_CITRA,-1,-1;KLASPL "KLASPL" true true false 50 Text 0 0 ,First,#,ANDONG_KEMUSU_KARANGGEDE_KLEGO_SIMO,KLASPL,-1,-1;SARPRAS "SARPRAS" true true false 50 Text 0 0 ,First,#,ANDONG_KEMUSU_KARANGGEDE_KLEGO_SIMO,SARPRAS,-1,-1;RT "RT" true true false 50 Text 0 0 ,First,#,ANDONG_KEMUSU_KARANGGEDE_KLEGO_SIMO,RT,-1,-1;RW "RW" true true false 50 Text 0 0 ,First,#,ANDONG_KEMUSU_KARANGGEDE_KLEGO_SIMO,RW,-1,-1;DUSUN "DUSUN" true true false 50 Text 0 0 ,First,#,ANDONG_KEMUSU_KARANGGEDE_KLEGO_SIMO,DUSUN,-1,-1;KABUPATEN "KABUPATEN" true true false 50 Text 0 0 ,First,#,ANDONG_KEMUSU_KARANGGEDE_KLEGO_SIMO,KABUPATEN,-1,-1;KETERANGAN "KETERANGAN" true true false 50 Text 0 0 ,First,#,ANDONG_KEMUSU_KARANGGEDE_KLEGO_SIMO,KETERANGAN,-1,-1;STATUS "STATUS" true true false 50 Text 0 0 ,First,#,ANDONG_KEMUSU_KARANGGEDE_KLEGO_SIMO,STATUS,-1,-1;RIWAYAT "RIWAYAT" true true false 50 Text 0 0 ,First,#,ANDONG_KEMUSU_KARANGGEDE_KLEGO_SIMO,RIWAYAT,-1,-1;PETUGAS "PETUGAS" true true false 50 Text 0 0 ,First,#,ANDONG_KEMUSU_KARANGGEDE_KLEGO_SIMO,PETUGAS,-1,-1;SERTIPIKAT "SERTIPIKAT" true true false 50 Text 0 0 ,First,#,ANDONG_KEMUSU_KARANGGEDE_KLEGO_SIMO,SERTIPIKAT,-1,-1;NOMOR "NOMOR" true true false 50 Text 0 0 ,First,#,ANDONG_KEMUSU_KARANGGEDE_KLEGO_SIMO,NOMOR,-1,-1;HARGA "HARGA" true true false 50 Text 0 0 ,First,#,ANDONG_KEMUSU_KARANGGEDE_KLEGO_SIMO,HARGA,-1,-1;PANEN "PANEN" true true false 50 Text 0 0 ,First,#,ANDONG_KEMUSU_KARANGGEDE_KLEGO_SIMO,PANEN,-1,-1;IRIGASI "IRIGASI" true true false 50 Text 0 0 ,First,#,ANDONG_KEMUSU_KARANGGEDE_KLEGO_SIMO,IRIGASI,-1,-1;PAJAK "PAJAK" true true false 50 Text 0 0 ,First,#,ANDONG_KEMUSU_KARANGGEDE_KLEGO_SIMO,PAJAK,-1,-1;NOC "NOC" true true false 50 Text 0 0 ,First,#,ANDONG_KEMUSU_KARANGGEDE_KLEGO_SIMO,NOC,-1,-1;PERSIL "PERSIL" true true false 50 Text 0 0 ,First,#,ANDONG_KEMUSU_KARANGGEDE_KLEGO_SIMO,PERSIL,-1,-1;KELAS "KELAS" true true false 50 Text 0 0 ,First,#,ANDONG_KEMUSU_KARANGGEDE_KLEGO_SIMO,KELAS,-1,-1;ZNT "ZNT" true true false 50 Text 0 0 ,First,#,ANDONG_KEMUSU_KARANGGEDE_KLEGO_SIMO,ZNT,-1,-1;KEMISKINAN "KEMISKINAN" true true false 50 Text 0 0 ,First,#,ANDONG_KEMUSU_KARANGGEDE_KLEGO_SIMO,KEMISKINAN,-1,-1;TNH_DESA "TNH_DESA" true true false 50 Text 0 0 ,First,#,ANDONG_KEMUSU_KARANGGEDE_KLEGO_SIMO,TNH_DESA,-1,-1;TNH_PEMDA "TNH_PEMDA" true true false 50 Text 0 0 ,First,#,ANDONG_KEMUSU_KARANGGEDE_KLEGO_SIMO,TNH_PEMDA,-1,-1;KONDISI_JL "KONDISI_JL" true true false 50 Text 0 0 ,First,#,ANDONG_KEMUSU_KARANGGEDE_KLEGO_SIMO,KONDISI_JL,-1,-1;BANTUAN "BANTUAN" true true false 50 Text 0 0 ,First,#,ANDONG_KEMUSU_KARANGGEDE_KLEGO_SIMO,BANTUAN,-1,-1;KESEHATAN "KESEHATAN" true true false 50 Text 0 0 ,First,#,ANDONG_KEMUSU_KARANGGEDE_KLEGO_SIMO,KESEHATAN,-1,-1;NIK "NIK" true true false 50 Text 0 0 ,First,#,ANDONG_KEMUSU_KARANGGEDE_KLEGO_SIMO,NIK,-1,-1;NAMA "NAMA" true true false 50 Text 0 0 ,First,#,ANDONG_KEMUSU_KARANGGEDE_KLEGO_SIMO,NAMA,-1,-1;BLOK "BLOK" true true false 50 Text 0 0 ,First,#,ANDONG_KEMUSU_KARANGGEDE_KLEGO_SIMO,BLOK,-1,-1;Shape_Leng "Shape_Leng" true true false 19 Double 0 0 ,First,#,ANDONG_KEMUSU_KARANGGEDE_KLEGO_SIMO,Shape_Leng,-1,-1;Shape_Area "Shape_Area" true true false 19 Double 0 0 ,First,#,ANDONG_KEMUSU_KARANGGEDE_KLEGO_SIMO,Shape_Area,-1,-1;NIK_1 "NIK_1" true true false 254 Text 0 0 ,First,#,ANDONG_KEMUSU_KARANGGEDE_KLEGO_SIMO,NIK_1,-1,-1;NO_KK "NO_KK" true true false 254 Text 0 0 ,First,#,ANDONG_KEMUSU_KARANGGEDE_KLEGO_SIMO,NO_KK,-1,-1;NAMA_KTP "NAMA_KTP" true true false 254 Text 0 0 ,First,#,ANDONG_KEMUSU_KARANGGEDE_KLEGO_SIMO,NAMA_KTP,-1,-1;JNS_KLMN "JNS_KLMN" true true false 254 Text 0 0 ,First,#,ANDONG_KEMUSU_KARANGGEDE_KLEGO_SIMO,JNS_KLMN,-1,-1;UMUR "UMUR" true true false 16 Double 6 15 ,First,#,ANDONG_KEMUSU_KARANGGEDE_KLEGO_SIMO,UMUR,-1,-1;TMP_LHR "TMP_LHR" true true false 254 Text 0 0 ,First,#,ANDONG_KEMUSU_KARANGGEDE_KLEGO_SIMO,TMP_LHR,-1,-1;ALMT_KTP "ALMT_KTP" true true false 254 Text 0 0 ,First,#,ANDONG_KEMUSU_KARANGGEDE_KLEGO_SIMO,ALMT_KTP,-1,-1;RT_KTP "RT_KTP" true true false 254 Text 0 0 ,First,#,ANDONG_KEMUSU_KARANGGEDE_KLEGO_SIMO,RT_KTP,-1,-1;RW_KTP "RW_KTP" true true false 254 Text 0 0 ,First,#,ANDONG_KEMUSU_KARANGGEDE_KLEGO_SIMO,RW_KTP,-1,-1;SHDK "SHDK" true true false 254 Text 0 0 ,First,#,ANDONG_KEMUSU_KARANGGEDE_KLEGO_SIMO,SHDK,-1,-1;STTS_KWN "STTS_KWN" true true false 254 Text 0 0 ,First,#,ANDONG_KEMUSU_KARANGGEDE_KLEGO_SIMO,STTS_KWN,-1,-1;PENDIDIKAN "PENDIDIKAN" true true false 254 Text 0 0 ,First,#,ANDONG_KEMUSU_KARANGGEDE_KLEGO_SIMO,PENDIDIKAN,-1,-1;AGAMA "AGAMA" true true false 254 Text 0 0 ,First,#,ANDONG_KEMUSU_KARANGGEDE_KLEGO_SIMO,AGAMA,-1,-1;PEKERJAAN "PEKERJAAN" true true false 254 Text 0 0 ,First,#,ANDONG_KEMUSU_KARANGGEDE_KLEGO_SIMO,PEKERJAAN,-1,-1;NM_AYAH "NM_AYAH" true true false 254 Text 0 0 ,First,#,ANDONG_KEMUSU_KARANGGEDE_KLEGO_SIMO,NM_AYAH,-1,-1;NM_IBU "NM_IBU" true true false 254 Text 0 0 ,First,#,ANDONG_KEMUSU_KARANGGEDE_KLEGO_SIMO,NM_IBU,-1,-1;TGL_LHR "TGL_LHR" true true false 50 Text 0 0 ,First,#,ANDONG_KEMUSU_KARANGGEDE_KLEGO_SIMO,TGL_LHR,-1,-1;ID "ID" true true false 254 Text 0 0 ,First,#,ANDONG_KEMUSU_KARANGGEDE_KLEGO_SIMO,ID,-1,-1;WILAYAHID "WILAYAHID" true true false 254 Text 0 0 ,First,#,ANDONG_KEMUSU_KARANGGEDE_KLEGO_SIMO,WILAYAHID,-1,-1;KODEWILAYA "KODEWILAYA" true true false 254 Text 0 0 ,First,#,ANDONG_KEMUSU_KARANGGEDE_KLEGO_SIMO,KODEWILAYA,-1,-1;KECAMATAN_ "KECAMATAN_" true true false 254 Text 0 0 ,First,#,ANDONG_KEMUSU_KARANGGEDE_KLEGO_SIMO,KECAMATAN_,-1,-1;KELURAHAN_ "KELURAHAN_" true true false 254 Text 0 0 ,First,#,ANDONG_KEMUSU_KARANGGEDE_KLEGO_SIMO,KELURAHAN_,-1,-1;TIPEHAK "TIPEHAK" true true false 254 Text 0 0 ,First,#,ANDONG_KEMUSU_KARANGGEDE_KLEGO_SIMO,TIPEHAK,-1,-1;TIPEPRODUK "TIPEPRODUK" true true false 254 Text 0 0 ,First,#,ANDONG_KEMUSU_KARANGGEDE_KLEGO_SIMO,TIPEPRODUK,-1,-1;TAHUN "TAHUN" true true false 19 Double 15 18 ,First,#,ANDONG_KEMUSU_KARANGGEDE_KLEGO_SIMO,TAHUN,-1,-1;NIB "NIB" true true false 254 Text 0 0 ,First,#,ANDONG_KEMUSU_KARANGGEDE_KLEGO_SIMO,NIB,-1,-1;LUASTERTUL "LUASTERTUL" true true false 19 Double 15 18 ,First,#,ANDONG_KEMUSU_KARANGGEDE_KLEGO_SIMO,LUASTERTUL,-1,-1;LUASPETA "LUASPETA" true true false 19 Double 15 18 ,First,#,ANDONG_KEMUSU_KARANGGEDE_KLEGO_SIMO,LUASPETA,-1,-1;NHM "NHM" true true false 254 Text 0 0 ,First,#,ANDONG_KEMUSU_KARANGGEDE_KLEGO_SIMO,NHM,-1,-1;NO_SU "NO_SU" true true false 254 Text 0 0 ,First,#,ANDONG_KEMUSU_KARANGGEDE_KLEGO_SIMO,NO_SU,-1,-1;NIB_1 "NIB_1" true true false 254 Text 0 0 ,First,#,ANDONG_KEMUSU_KARANGGEDE_KLEGO_SIMO,NIB_1,-1,-1;LUAS_SERTI "LUAS_SERTI" true true false 254 Text 0 0 ,First,#,ANDONG_KEMUSU_KARANGGEDE_KLEGO_SIMO,LUAS_SERTI,-1,-1;LUAS_PETA "LUAS_PETA" true true false 254 Text 0 0 ,First,#,ANDONG_KEMUSU_KARANGGEDE_KLEGO_SIMO,LUAS_PETA,-1,-1;KW "KW" true true false 254 Text 0 0 ,First,#,ANDONG_KEMUSU_KARANGGEDE_KLEGO_SIMO,KW,-1,-1;PMLK_1 "PMLK_1" true true false 254 Text 0 0 ,First,#,ANDONG_KEMUSU_KARANGGEDE_KLEGO_SIMO,PMLK_1,-1,-1;PMLK_T "PMLK_T" true true false 254 Text 0 0 ,First,#,ANDONG_KEMUSU_KARANGGEDE_KLEGO_SIMO,PMLK_T,-1,-1;TIPE_HAK "TIPE_HAK" true true false 254 Text 0 0 ,First,#,ANDONG_KEMUSU_KARANGGEDE_KLEGO_SIMO,TIPE_HAK,-1,-1;ORIG_FID_1 "ORIG_FID_1" true true false 9 Long 0 9 ,First,#,ANDONG_KEMUSU_KARANGGEDE_KLEGO_SIMO,ORIG_FID_1,-1,-1;CEK "CEK" true true false 50 Text 0 0 ,First,#,ANDONG_KEMUSU_KARANGGEDE_KLEGO_SIMO,CEK,-1,-1" #</Process><Process ToolSource="c:\program files (x86)\arcgis\desktop10.1\ArcToolbox\Toolboxes\Data Management Tools.tbx\DefineProjection" Date="20200529" Time="132206">DefineProjection BAWU PROJCS['WGS_1984_UTM_Zone_49S',GEOGCS['GCS_WGS_1984',DATUM['D_WGS_1984',SPHEROID['WGS_1984',6378137.0,298.257223563]],PRIMEM['Greenwich',0.0],UNIT['Degree',0.0174532925199433]],PROJECTION['Transverse_Mercator'],PARAMETER['False_Easting',500000.0],PARAMETER['False_Northing',10000000.0],PARAMETER['Central_Meridian',111.0],PARAMETER['Scale_Factor',0.9996],PARAMETER['Latitude_Of_Origin',0.0],UNIT['Meter',1.0]]</Process><Process ToolSource="c:\program files (x86)\arcgis\desktop10.8\ArcToolbox\Toolboxes\Data Management Tools.tbx\Merge" Date="20241203" Time="125628">Merge BAWU;GENENGSARI;KEDUNGMULYO;KEDUNGREJO;KEMUSU;KENDEL;KLEWOR;SARIMULYO;WATUGEDE;WONOHARJO "D:\SEMESTER 5\shp\Bidang Tanah_Kec.shp" "OBJECTID "OBJECTID" true true false 10 Long 0 10 ,First,#,BAWU,OBJECTID,-1,-1,GENENGSARI,OBJECTID,-1,-1,KEDUNGMULYO,OBJECTID,-1,-1,KEDUNGREJO,OBJECTID,-1,-1,KEMUSU,OBJECTID,-1,-1,KENDEL,OBJECTID,-1,-1,KLEWOR,OBJECTID,-1,-1,SARIMULYO,OBJECTID,-1,-1,WATUGEDE,OBJECTID,-1,-1,WONOHARJO,OBJECTID,-1,-1;d_nop "d_nop" true true false 18 Text 0 0 ,First,#,BAWU,d_nop,-1,-1,GENENGSARI,D_NOP,-1,-1,KEDUNGMULYO,D_NOP,-1,-1,KEDUNGREJO,D_NOP,-1,-1,KEMUSU,D_NOP,-1,-1,KENDEL,d_nop,-1,-1,KLEWOR,d_nop,-1,-1,SARIMULYO,d_nop,-1,-1,WATUGEDE,d_nop,-1,-1,WONOHARJO,D_NOP,-1,-1;d_luas "d_luas" true true false 19 Double 0 0 ,First,#,BAWU,d_luas,-1,-1,KENDEL,d_luas,-1,-1,KLEWOR,d_luas,-1,-1,SARIMULYO,d_luas,-1,-1,WATUGEDE,d_luas,-1,-1;nop "nop" true true false 50 Text 0 0 ,First,#,BAWU,nop,-1,-1,GENENGSARI,NOP,-1,-1,KEDUNGMULYO,NOP,-1,-1,KEDUNGREJO,NOP,-1,-1,KEMUSU,NOP,-1,-1,KENDEL,nop,-1,-1,KLEWOR,nop,-1,-1,SARIMULYO,nop,-1,-1,WATUGEDE,nop,-1,-1,WONOHARJO,NOP,-1,-1;THN_PAJAK "THN_PAJAK" true true false 254 Text 0 0 ,First,#,BAWU,THN_PAJAK,-1,-1,GENENGSARI,THN_PAJAK,-1,-1,KEDUNGMULYO,THN_PAJAK,-1,-1,KEDUNGREJO,THN_PAJAK,-1,-1,KEMUSU,THN_PAJAK,-1,-1,KENDEL,THN_PAJAK,-1,-1,KLEWOR,THN_PAJAK,-1,-1,SARIMULYO,THN_PAJAK,-1,-1,WATUGEDE,THN_PAJAK,-1,-1,WONOHARJO,THN_PAJAK,-1,-1;NOP_1 "NOP_1" true true false 254 Text 0 0 ,First,#,BAWU,NOP_1,-1,-1,KENDEL,NOP_1,-1,-1,KLEWOR,NOP_1,-1,-1,SARIMULYO,NOP_1,-1,-1,WATUGEDE,NOP_1,-1,-1;NAMA_WP "NAMA_WP" true true false 254 Text 0 0 ,First,#,BAWU,NAMA_WP,-1,-1,GENENGSARI,NAMA_WP,-1,-1,KEDUNGMULYO,NAMA_WP,-1,-1,KEDUNGREJO,NAMA_WP,-1,-1,KEMUSU,NAMA_WP,-1,-1,KENDEL,NAMA_WP,-1,-1,KLEWOR,NAMA_WP,-1,-1,SARIMULYO,NAMA_WP,-1,-1,WATUGEDE,NAMA_WP,-1,-1,WONOHARJO,NAMA_WP,-1,-1;ALMAT_SUBP "ALMAT_SUBP" true true false 254 Text 0 0 ,First,#,BAWU,ALMAT_SUBP,-1,-1,GENENGSARI,ALMAT_SUBP,-1,-1,KEDUNGMULYO,ALMAT_SUBP,-1,-1,KEDUNGREJO,ALMAT_SUBP,-1,-1,KEMUSU,ALMAT_SUBP,-1,-1,KENDEL,ALMAT_SUBP,-1,-1,KLEWOR,ALMAT_SUBP,-1,-1,SARIMULYO,ALMAT_SUBP,-1,-1,WATUGEDE,ALMAT_SUBP,-1,-1,WONOHARJO,ALMAT_SUBP,-1,-1;ALMAT_OBJP "ALMAT_OBJP" true true false 254 Text 0 0 ,First,#,BAWU,ALMAT_OBJP,-1,-1,GENENGSARI,ALMAT_OBJP,-1,-1,KEDUNGMULYO,ALMAT_OBJP,-1,-1,KEDUNGREJO,ALMAT_OBJP,-1,-1,KEMUSU,ALMAT_OBJP,-1,-1,KENDEL,ALMAT_OBJP,-1,-1,KLEWOR,ALMAT_OBJP,-1,-1,SARIMULYO,ALMAT_OBJP,-1,-1,WATUGEDE,ALMAT_OBJP,-1,-1,WONOHARJO,ALMAT_OBJP,-1,-1;KELURAHAN "KELURAHAN" true true false 254 Text 0 0 ,First,#,BAWU,KELURAHAN,-1,-1,GENENGSARI,KELURAHAN,-1,-1,KEDUNGMULYO,KELURAHAN,-1,-1,KEDUNGREJO,KELURAHAN,-1,-1,KEMUSU,KELURAHAN,-1,-1,KENDEL,KELURAHAN,-1,-1,KLEWOR,KELURAHAN,-1,-1,SARIMULYO,KELURAHAN,-1,-1,WATUGEDE,KELURAHAN,-1,-1,WONOHARJO,KELURAHAN,-1,-1;KECAMATAN "KECAMATAN" true true false 254 Text 0 0 ,First,#,BAWU,KECAMATAN,-1,-1,GENENGSARI,KECAMATAN,-1,-1,KEDUNGMULYO,KECAMATAN,-1,-1,KEDUNGREJO,KECAMATAN,-1,-1,KEMUSU,KECAMATAN,-1,-1,KENDEL,KECAMATAN,-1,-1,KLEWOR,KECAMATAN,-1,-1,SARIMULYO,KECAMATAN,-1,-1,WATUGEDE,KECAMATAN,-1,-1,WONOHARJO,KECAMATAN,-1,-1;NOMINALPBB "NOMINALPBB" true true false 19 Double 0 0 ,First,#,BAWU,NOMINALPBB,-1,-1,GENENGSARI,NOMINALPBB,-1,-1,KEDUNGMULYO,NOMINALPBB,-1,-1,KEDUNGREJO,NOMINALPBB,-1,-1,KEMUSU,NOMINALPBB,-1,-1,KENDEL,NOMINALPBB,-1,-1,KLEWOR,NOMINALPBB,-1,-1,SARIMULYO,NOMINALPBB,-1,-1,WATUGEDE,NOMINALPBB,-1,-1,WONOHARJO,NOMINALPBB,-1,-1;PBB_DBYR "PBB_DBYR" true true false 254 Text 0 0 ,First,#,BAWU,PBB_DBYR,-1,-1,GENENGSARI,PBB_DBYR,-1,-1,KEDUNGMULYO,PBB_DBYR,-1,-1,KEDUNGREJO,PBB_DBYR,-1,-1,KEMUSU,PBB_DBYR,-1,-1,KENDEL,PBB_DBYR,-1,-1,KLEWOR,PBB_DBYR,-1,-1,SARIMULYO,PBB_DBYR,-1,-1,WATUGEDE,PBB_DBYR,-1,-1,WONOHARJO,PBB_DBYR,-1,-1;SISA_BYR "SISA_BYR" true true false 254 Text 0 0 ,First,#,BAWU,SISA_BYR,-1,-1,GENENGSARI,SISA_BYR,-1,-1,KEDUNGMULYO,SISA_BYR,-1,-1,KEDUNGREJO,SISA_BYR,-1,-1,KEMUSU,SISA_BYR,-1,-1,KENDEL,SISA_BYR,-1,-1,KLEWOR,SISA_BYR,-1,-1,SARIMULYO,SISA_BYR,-1,-1,WATUGEDE,SISA_BYR,-1,-1,WONOHARJO,SISA_BYR,-1,-1;ORIG_FID "ORIG_FID" true true false 10 Long 0 10 ,First,#,BAWU,ORIG_FID,-1,-1,KENDEL,ORIG_FID,-1,-1,KLEWOR,ORIG_FID,-1,-1,SARIMULYO,ORIG_FID,-1,-1,WATUGEDE,ORIG_FID,-1,-1;DESA "DESA" true true false 50 Text 0 0 ,First,#,BAWU,DESA,-1,-1,KENDEL,DESA,-1,-1,KLEWOR,DESA,-1,-1,SARIMULYO,DESA,-1,-1,WATUGEDE,DESA,-1,-1;PL_CITRA "PL_CITRA" true true false 50 Text 0 0 ,First,#,BAWU,PL_CITRA,-1,-1,GENENGSARI,PL_CITRA,-1,-1,KEDUNGMULYO,PL_CITRA,-1,-1,KEDUNGREJO,PL_CITRA,-1,-1,KEMUSU,PL_CITRA,-1,-1,KENDEL,PL_CITRA,-1,-1,KLEWOR,PL_CITRA,-1,-1,SARIMULYO,PL_CITRA,-1,-1,WATUGEDE,PL_CITRA,-1,-1,WONOHARJO,PL_CITRA,-1,-1;KLASPL "KLASPL" true true false 50 Text 0 0 ,First,#,BAWU,KLASPL,-1,-1,KEMUSU,KLASPL,-1,-1,KENDEL,KLASPL,-1,-1,KLEWOR,KLASPL,-1,-1,SARIMULYO,KLASPL,-1,-1,WATUGEDE,KLASPL,-1,-1;SARPRAS "SARPRAS" true true false 50 Text 0 0 ,First,#,BAWU,SARPRAS,-1,-1,GENENGSARI,SARPRAS,-1,-1,KEDUNGMULYO,SARPRAS,-1,-1,KEDUNGREJO,SARPRAS,-1,-1,KEMUSU,SARPRAS,-1,-1,KENDEL,SARPRAS,-1,-1,KLEWOR,SARPRAS,-1,-1,SARIMULYO,SARPRAS,-1,-1,WATUGEDE,SARPRAS,-1,-1,WONOHARJO,SARPRAS,-1,-1;RT "RT" true true false 50 Text 0 0 ,First,#,BAWU,RT,-1,-1,GENENGSARI,RT,-1,-1,KEDUNGMULYO,RT,-1,-1,KEDUNGREJO,RT,-1,-1,KEMUSU,RT,-1,-1,KENDEL,RT,-1,-1,KLEWOR,RT,-1,-1,SARIMULYO,RT,-1,-1,WATUGEDE,RT,-1,-1,WONOHARJO,RT,-1,-1;RW "RW" true true false 50 Text 0 0 ,First,#,BAWU,RW,-1,-1,GENENGSARI,RW,-1,-1,KEDUNGMULYO,RW,-1,-1,KEDUNGREJO,RW,-1,-1,KEMUSU,RW,-1,-1,KENDEL,RW,-1,-1,KLEWOR,RW,-1,-1,SARIMULYO,RW,-1,-1,WATUGEDE,RW,-1,-1,WONOHARJO,RW,-1,-1;DUSUN "DUSUN" true true false 50 Text 0 0 ,First,#,BAWU,DUSUN,-1,-1,GENENGSARI,DUSUN,-1,-1,KEDUNGMULYO,DUSUN,-1,-1,KEDUNGREJO,DUSUN,-1,-1,KEMUSU,DUSUN,-1,-1,KENDEL,DUSUN,-1,-1,KLEWOR,DUSUN,-1,-1,SARIMULYO,DUSUN,-1,-1,WATUGEDE,DUSUN,-1,-1,WONOHARJO,DUSUN,-1,-1;KABUPATEN "KABUPATEN" true true false 50 Text 0 0 ,First,#,BAWU,KABUPATEN,-1,-1,GENENGSARI,KABUPATEN,-1,-1,KEDUNGMULYO,KABUPATEN,-1,-1,KEDUNGREJO,KABUPATEN,-1,-1,KEMUSU,KABUPATEN,-1,-1,KENDEL,KABUPATEN,-1,-1,KLEWOR,KABUPATEN,-1,-1,SARIMULYO,KABUPATEN,-1,-1,WATUGEDE,KABUPATEN,-1,-1,WONOHARJO,KABUPATEN,-1,-1;KETERANGAN "KETERANGAN" true true false 50 Text 0 0 ,First,#,BAWU,KETERANGAN,-1,-1,GENENGSARI,KETERANGAN,-1,-1,KEDUNGMULYO,KETERANGAN,-1,-1,KEDUNGREJO,KETERANGAN,-1,-1,KEMUSU,KETERANGAN,-1,-1,KENDEL,KETERANGAN,-1,-1,KLEWOR,KETERANGAN,-1,-1,SARIMULYO,KETERANGAN,-1,-1,WATUGEDE,KETERANGAN,-1,-1,WONOHARJO,KETERANGAN,-1,-1;STATUS "STATUS" true true false 50 Text 0 0 ,First,#,BAWU,STATUS,-1,-1,GENENGSARI,STATUS,-1,-1,KEDUNGMULYO,STATUS,-1,-1,KEDUNGREJO,STATUS,-1,-1,KEMUSU,STATUS,-1,-1,KENDEL,STATUS,-1,-1,KLEWOR,STATUS,-1,-1,SARIMULYO,STATUS,-1,-1,WATUGEDE,STATUS,-1,-1,WONOHARJO,STATUS,-1,-1;RIWAYAT "RIWAYAT" true true false 50 Text 0 0 ,First,#,BAWU,RIWAYAT,-1,-1,GENENGSARI,RIWAYAT,-1,-1,KEDUNGMULYO,RIWAYAT,-1,-1,KEDUNGREJO,RIWAYAT,-1,-1,KEMUSU,RIWAYAT,-1,-1,KENDEL,RIWAYAT,-1,-1,KLEWOR,RIWAYAT,-1,-1,SARIMULYO,RIWAYAT,-1,-1,WATUGEDE,RIWAYAT,-1,-1,WONOHARJO,RIWAYAT,-1,-1;PETUGAS "PETUGAS" true true false 50 Text 0 0 ,First,#,BAWU,PETUGAS,-1,-1,GENENGSARI,PETUGAS,-1,-1,KEDUNGMULYO,PETUGAS,-1,-1,KEDUNGREJO,PETUGAS,-1,-1,KEMUSU,PETUGAS,-1,-1,KENDEL,PETUGAS,-1,-1,KLEWOR,PETUGAS,-1,-1,SARIMULYO,PETUGAS,-1,-1,WATUGEDE,PETUGAS,-1,-1,WONOHARJO,PETUGAS,-1,-1;SERTIPIKAT "SERTIPIKAT" true true false 50 Text 0 0 ,First,#,BAWU,SERTIPIKAT,-1,-1,GENENGSARI,SERTIPIKAT,-1,-1,KEDUNGMULYO,SERTIPIKAT,-1,-1,KEDUNGREJO,SERTIPIKAT,-1,-1,KEMUSU,SERTIPIKAT,-1,-1,KENDEL,SERTIPIKAT,-1,-1,KLEWOR,SERTIPIKAT,-1,-1,SARIMULYO,SERTIPIKAT,-1,-1,WATUGEDE,SERTIPIKAT,-1,-1,WONOHARJO,SERTIPIKAT,-1,-1;NOMOR "NOMOR" true true false 50 Text 0 0 ,First,#,BAWU,NOMOR,-1,-1,GENENGSARI,NOMOR,-1,-1,KEDUNGMULYO,NOMOR,-1,-1,KEDUNGREJO,NOMOR,-1,-1,KEMUSU,NOMOR,-1,-1,KENDEL,NOMOR,-1,-1,KLEWOR,NOMOR,-1,-1,SARIMULYO,NOMOR,-1,-1,WATUGEDE,NOMOR,-1,-1,WONOHARJO,NOMOR,-1,-1;HARGA "HARGA" true true false 50 Text 0 0 ,First,#,BAWU,HARGA,-1,-1,GENENGSARI,HARGA,-1,-1,KEDUNGMULYO,HARGA,-1,-1,KEDUNGREJO,HARGA,-1,-1,KEMUSU,HARGA,-1,-1,KENDEL,HARGA,-1,-1,KLEWOR,HARGA,-1,-1,SARIMULYO,HARGA,-1,-1,WATUGEDE,HARGA,-1,-1,WONOHARJO,HARGA,-1,-1;PANEN "PANEN" true true false 50 Text 0 0 ,First,#,BAWU,PANEN,-1,-1,GENENGSARI,PANEN,-1,-1,KEDUNGMULYO,PANEN,-1,-1,KEDUNGREJO,PANEN,-1,-1,KEMUSU,PANEN,-1,-1,KENDEL,PANEN,-1,-1,KLEWOR,PANEN,-1,-1,SARIMULYO,PANEN,-1,-1,WATUGEDE,PANEN,-1,-1,WONOHARJO,PANEN,-1,-1;IRIGASI "IRIGASI" true true false 50 Text 0 0 ,First,#,BAWU,IRIGASI,-1,-1,GENENGSARI,IRIGASI,-1,-1,KEDUNGMULYO,IRIGASI,-1,-1,KEDUNGREJO,IRIGASI,-1,-1,KEMUSU,IRIGASI,-1,-1,KENDEL,IRIGASI,-1,-1,KLEWOR,IRIGASI,-1,-1,SARIMULYO,IRIGASI,-1,-1,WATUGEDE,IRIGASI,-1,-1,WONOHARJO,IRIGASI,-1,-1;PAJAK "PAJAK" true true false 50 Text 0 0 ,First,#,BAWU,PAJAK,-1,-1,GENENGSARI,PAJAK,-1,-1,KEDUNGMULYO,PAJAK,-1,-1,KEDUNGREJO,PAJAK,-1,-1,KEMUSU,PAJAK,-1,-1,KENDEL,PAJAK,-1,-1,KLEWOR,PAJAK,-1,-1,SARIMULYO,PAJAK,-1,-1,WATUGEDE,PAJAK,-1,-1,WONOHARJO,PAJAK,-1,-1;NOC "NOC" true true false 50 Text 0 0 ,First,#,BAWU,NOC,-1,-1,GENENGSARI,NOC,-1,-1,KEDUNGMULYO,NOC,-1,-1,KEDUNGREJO,NOC,-1,-1,KEMUSU,NOC,-1,-1,KENDEL,NOC,-1,-1,KLEWOR,NOC,-1,-1,SARIMULYO,NOC,-1,-1,WATUGEDE,NOC,-1,-1,WONOHARJO,NOC,-1,-1;PERSIL "PERSIL" true true false 50 Text 0 0 ,First,#,BAWU,PERSIL,-1,-1,GENENGSARI,PERSIL,-1,-1,KEDUNGMULYO,PERSIL,-1,-1,KEDUNGREJO,PERSIL,-1,-1,KEMUSU,PERSIL,-1,-1,KENDEL,PERSIL,-1,-1,KLEWOR,PERSIL,-1,-1,SARIMULYO,PERSIL,-1,-1,WATUGEDE,PERSIL,-1,-1,WONOHARJO,PERSIL,-1,-1;KELAS "KELAS" true true false 50 Text 0 0 ,First,#,BAWU,KELAS,-1,-1,GENENGSARI,KELAS,-1,-1,KEDUNGMULYO,KELAS,-1,-1,KEDUNGREJO,KELAS,-1,-1,KEMUSU,KELAS,-1,-1,KENDEL,KELAS,-1,-1,KLEWOR,KELAS,-1,-1,SARIMULYO,KELAS,-1,-1,WATUGEDE,KELAS,-1,-1,WONOHARJO,KELAS,-1,-1;ZNT "ZNT" true true false 50 Text 0 0 ,First,#,BAWU,ZNT,-1,-1,GENENGSARI,ZNT,-1,-1,KEDUNGMULYO,ZNT,-1,-1,KEDUNGREJO,ZNT,-1,-1,KEMUSU,ZNT,-1,-1,KENDEL,ZNT,-1,-1,KLEWOR,ZNT,-1,-1,SARIMULYO,ZNT,-1,-1,WATUGEDE,ZNT,-1,-1,WONOHARJO,ZNT,-1,-1;KEMISKINAN "KEMISKINAN" true true false 50 Text 0 0 ,First,#,BAWU,KEMISKINAN,-1,-1,GENENGSARI,KEMISKINAN,-1,-1,KEDUNGMULYO,KEMISKINAN,-1,-1,KEDUNGREJO,KEMISKINAN,-1,-1,KEMUSU,KEMISKINAN,-1,-1,KENDEL,KEMISKINAN,-1,-1,KLEWOR,KEMISKINAN,-1,-1,SARIMULYO,KEMISKINAN,-1,-1,WATUGEDE,KEMISKINAN,-1,-1,WONOHARJO,KEMISKINAN,-1,-1;TNH_DESA "TNH_DESA" true true false 50 Text 0 0 ,First,#,BAWU,TNH_DESA,-1,-1,GENENGSARI,TNH_DESA,-1,-1,KEDUNGMULYO,TNH_DESA,-1,-1,KEDUNGREJO,TNH_DESA,-1,-1,KEMUSU,TNH_DESA,-1,-1,KENDEL,TNH_DESA,-1,-1,KLEWOR,TNH_DESA,-1,-1,SARIMULYO,TNH_DESA,-1,-1,WATUGEDE,TNH_DESA,-1,-1,WONOHARJO,TNH_DESA,-1,-1;TNH_PEMDA "TNH_PEMDA" true true false 50 Text 0 0 ,First,#,BAWU,TNH_PEMDA,-1,-1,GENENGSARI,TNH_PEMDA,-1,-1,KEDUNGMULYO,TNH_PEMDA,-1,-1,KEDUNGREJO,TNH_PEMDA,-1,-1,KEMUSU,TNH_PEMDA,-1,-1,KENDEL,TNH_PEMDA,-1,-1,KLEWOR,TNH_PEMDA,-1,-1,SARIMULYO,TNH_PEMDA,-1,-1,WATUGEDE,TNH_PEMDA,-1,-1,WONOHARJO,TNH_PEMDA,-1,-1;KONDISI_JL "KONDISI_JL" true true false 50 Text 0 0 ,First,#,BAWU,KONDISI_JL,-1,-1,GENENGSARI,KONDISI_JL,-1,-1,KEDUNGMULYO,KONDISI_JL,-1,-1,KEDUNGREJO,KONDISI_JL,-1,-1,KEMUSU,KONDISI_JL,-1,-1,KENDEL,KONDISI_JL,-1,-1,KLEWOR,KONDISI_JL,-1,-1,SARIMULYO,KONDISI_JL,-1,-1,WATUGEDE,KONDISI_JL,-1,-1,WONOHARJO,KONDISI_JL,-1,-1;BANTUAN "BANTUAN" true true false 50 Text 0 0 ,First,#,BAWU,BANTUAN,-1,-1,GENENGSARI,BANTUAN,-1,-1,KEDUNGMULYO,BANTUAN,-1,-1,KEDUNGREJO,BANTUAN,-1,-1,KEMUSU,BANTUAN,-1,-1,KENDEL,BANTUAN,-1,-1,KLEWOR,BANTUAN,-1,-1,SARIMULYO,BANTUAN,-1,-1,WATUGEDE,BANTUAN,-1,-1,WONOHARJO,BANTUAN,-1,-1;KESEHATAN "KESEHATAN" true true false 50 Text 0 0 ,First,#,BAWU,KESEHATAN,-1,-1,GENENGSARI,KESEHATAN,-1,-1,KEDUNGMULYO,KESEHATAN,-1,-1,KEDUNGREJO,KESEHATAN,-1,-1,KENDEL,KESEHATAN,-1,-1,KLEWOR,KESEHATAN,-1,-1,SARIMULYO,KESEHATAN,-1,-1,WATUGEDE,KESEHATAN,-1,-1,WONOHARJO,KESEHATAN,-1,-1;NIK "NIK" true true false 50 Text 0 0 ,First,#,BAWU,NIK,-1,-1,GENENGSARI,NIK,-1,-1,KEDUNGMULYO,NIK,-1,-1,KEDUNGREJO,NIK,-1,-1,KEMUSU,NIK,-1,-1,KENDEL,NIK,-1,-1,KLEWOR,NIK,-1,-1,SARIMULYO,NIK,-1,-1,WATUGEDE,NIK,-1,-1,WONOHARJO,NIK,-1,-1;NAMA "NAMA" true true false 50 Text 0 0 ,First,#,BAWU,NAMA,-1,-1,KENDEL,NAMA,-1,-1,KLEWOR,NAMA,-1,-1,SARIMULYO,NAMA,-1,-1,WATUGEDE,NAMA,-1,-1;BLOK "BLOK" true true false 50 Text 0 0 ,First,#,BAWU,BLOK,-1,-1,GENENGSARI,BLOK,-1,-1,KEDUNGMULYO,BLOK,-1,-1,KEDUNGREJO,BLOK,-1,-1,KEMUSU,BLOK,-1,-1,KENDEL,BLOK,-1,-1,KLEWOR,BLOK,-1,-1,SARIMULYO,BLOK,-1,-1,WATUGEDE,BLOK,-1,-1,WONOHARJO,BLOK,-1,-1;Shape_Leng "Shape_Leng" true true false 19 Double 0 0 ,First,#,BAWU,Shape_Leng,-1,-1,GENENGSARI,Shape_Leng,-1,-1,KEDUNGMULYO,Shape_Leng,-1,-1,KEDUNGREJO,Shape_Leng,-1,-1,KEMUSU,Shape_Leng,-1,-1,KENDEL,Shape_Leng,-1,-1,KLEWOR,Shape_Leng,-1,-1,SARIMULYO,Shape_Leng,-1,-1,WATUGEDE,Shape_Leng,-1,-1,WONOHARJO,Shape_Leng,-1,-1;NIK_1 "NIK_1" true true false 254 Text 0 0 ,First,#,BAWU,NIK_1,-1,-1,KENDEL,NIK_1,-1,-1,KLEWOR,NIK_1,-1,-1,SARIMULYO,NIK_1,-1,-1,WATUGEDE,NIK_1,-1,-1;NO_KK "NO_KK" true true false 254 Text 0 0 ,First,#,BAWU,NO_KK,-1,-1,GENENGSARI,NO_KK,-1,-1,KEDUNGMULYO,NO_KK,-1,-1,KEDUNGREJO,NO_KK,-1,-1,KEMUSU,NO_KK,-1,-1,KENDEL,NO_KK,-1,-1,KLEWOR,NO_KK,-1,-1,SARIMULYO,NO_KK,-1,-1,WATUGEDE,NO_KK,-1,-1,WONOHARJO,NO_KK,-1,-1;NAMA_KTP "NAMA_KTP" true true false 254 Text 0 0 ,First,#,BAWU,NAMA_KTP,-1,-1,GENENGSARI,NAMA_KTP,-1,-1,KEDUNGMULYO,NAMA_KTP,-1,-1,KEDUNGREJO,NAMA_KTP,-1,-1,KEMUSU,NAMA_KTP,-1,-1,KENDEL,NAMA_KTP,-1,-1,KLEWOR,NAMA_KTP,-1,-1,SARIMULYO,NAMA_KTP,-1,-1,WATUGEDE,NAMA_KTP,-1,-1,WONOHARJO,NAMA_KTP,-1,-1;JNS_KLMN "JNS_KLMN" true true false 254 Text 0 0 ,First,#,BAWU,JNS_KLMN,-1,-1,GENENGSARI,JNS_KLMN,-1,-1,KEDUNGMULYO,JNS_KLMN,-1,-1,KEDUNGREJO,JNS_KLMN,-1,-1,KEMUSU,JNS_KLMN,-1,-1,KENDEL,JNS_KLMN,-1,-1,KLEWOR,JNS_KLMN,-1,-1,SARIMULYO,JNS_KLMN,-1,-1,WATUGEDE,JNS_KLMN,-1,-1,WONOHARJO,JNS_KLMN,-1,-1;UMUR "UMUR" true true false 19 Double 0 0 ,First,#,BAWU,UMUR,-1,-1,GENENGSARI,UMUR,-1,-1,KEDUNGMULYO,UMUR,-1,-1,KEDUNGREJO,UMUR,-1,-1,KEMUSU,UMUR,-1,-1,KENDEL,UMUR,-1,-1,KLEWOR,UMUR,-1,-1,SARIMULYO,UMUR,-1,-1,WATUGEDE,UMUR,-1,-1,WONOHARJO,UMUR,-1,-1;TMP_LHR "TMP_LHR" true true false 254 Text 0 0 ,First,#,BAWU,TMP_LHR,-1,-1,GENENGSARI,TMP_LHR,-1,-1,KEDUNGMULYO,TMP_LHR,-1,-1,KEDUNGREJO,TMP_LHR,-1,-1,KEMUSU,TMP_LHR,-1,-1,KENDEL,TMP_LHR,-1,-1,KLEWOR,TMP_LHR,-1,-1,SARIMULYO,TMP_LHR,-1,-1,WATUGEDE,TMP_LHR,-1,-1,WONOHARJO,TMP_LHR,-1,-1;ALMT_KTP "ALMT_KTP" true true false 254 Text 0 0 ,First,#,BAWU,ALMT_KTP,-1,-1,GENENGSARI,ALMT_KTP,-1,-1,KEDUNGMULYO,ALMT_KTP,-1,-1,KEDUNGREJO,ALMT_KTP,-1,-1,KEMUSU,ALMT_KTP,-1,-1,KENDEL,ALMT_KTP,-1,-1,KLEWOR,ALMT_KTP,-1,-1,SARIMULYO,ALMT_KTP,-1,-1,WATUGEDE,ALMT_KTP,-1,-1,WONOHARJO,ALMT_KTP,-1,-1;RT_KTP "RT_KTP" true true false 254 Text 0 0 ,First,#,BAWU,RT_KTP,-1,-1,GENENGSARI,RT_KTP,-1,-1,KEDUNGMULYO,RT_KTP,-1,-1,KEDUNGREJO,RT_KTP,-1,-1,KEMUSU,RT_KTP,-1,-1,KENDEL,RT_KTP,-1,-1,KLEWOR,RT_KTP,-1,-1,SARIMULYO,RT_KTP,-1,-1,WATUGEDE,RT_KTP,-1,-1,WONOHARJO,RT_KTP,-1,-1;RW_KTP "RW_KTP" true true false 254 Text 0 0 ,First,#,BAWU,RW_KTP,-1,-1,GENENGSARI,RW_KTP,-1,-1,KEDUNGMULYO,RW_KTP,-1,-1,KEDUNGREJO,RW_KTP,-1,-1,KEMUSU,RW_KTP,-1,-1,KENDEL,RW_KTP,-1,-1,KLEWOR,RW_KTP,-1,-1,SARIMULYO,RW_KTP,-1,-1,WATUGEDE,RW_KTP,-1,-1,WONOHARJO,RW_KTP,-1,-1;SHDK "SHDK" true true false 254 Text 0 0 ,First,#,BAWU,SHDK,-1,-1,GENENGSARI,SHDK,-1,-1,KEDUNGMULYO,SHDK,-1,-1,KEDUNGREJO,SHDK,-1,-1,KEMUSU,SHDK,-1,-1,KENDEL,SHDK,-1,-1,KLEWOR,SHDK,-1,-1,SARIMULYO,SHDK,-1,-1,WATUGEDE,SHDK,-1,-1,WONOHARJO,SHDK,-1,-1;STTS_KWN "STTS_KWN" true true false 254 Text 0 0 ,First,#,BAWU,STTS_KWN,-1,-1,GENENGSARI,STTS_KWN,-1,-1,KEDUNGMULYO,STTS_KWN,-1,-1,KEDUNGREJO,STTS_KWN,-1,-1,KEMUSU,STTS_KWN,-1,-1,KENDEL,STTS_KWN,-1,-1,KLEWOR,STTS_KWN,-1,-1,SARIMULYO,STTS_KWN,-1,-1,WATUGEDE,STTS_KWN,-1,-1,WONOHARJO,STTS_KWN,-1,-1;PENDIDIKAN "PENDIDIKAN" true true false 254 Text 0 0 ,First,#,BAWU,PENDIDIKAN,-1,-1,GENENGSARI,PENDIDIKAN,-1,-1,KEDUNGMULYO,PENDIDIKAN,-1,-1,KEDUNGREJO,PENDIDIKAN,-1,-1,KEMUSU,PENDIDIKAN,-1,-1,KENDEL,PENDIDIKAN,-1,-1,KLEWOR,PENDIDIKAN,-1,-1,SARIMULYO,PENDIDIKAN,-1,-1,WATUGEDE,PENDIDIKAN,-1,-1,WONOHARJO,PENDIDIKAN,-1,-1;AGAMA "AGAMA" true true false 254 Text 0 0 ,First,#,BAWU,AGAMA,-1,-1,GENENGSARI,AGAMA,-1,-1,KEDUNGMULYO,AGAMA,-1,-1,KEDUNGREJO,AGAMA,-1,-1,KEMUSU,AGAMA,-1,-1,KENDEL,AGAMA,-1,-1,KLEWOR,AGAMA,-1,-1,SARIMULYO,AGAMA,-1,-1,WATUGEDE,AGAMA,-1,-1,WONOHARJO,AGAMA,-1,-1;PEKERJAAN "PEKERJAAN" true true false 254 Text 0 0 ,First,#,BAWU,PEKERJAAN,-1,-1,GENENGSARI,PEKERJAAN,-1,-1,KEDUNGMULYO,PEKERJAAN,-1,-1,KEDUNGREJO,PEKERJAAN,-1,-1,KEMUSU,PEKERJAAN,-1,-1,KENDEL,PEKERJAAN,-1,-1,KLEWOR,PEKERJAAN,-1,-1,SARIMULYO,PEKERJAAN,-1,-1,WATUGEDE,PEKERJAAN,-1,-1,WONOHARJO,PEKERJAAN,-1,-1;NM_AYAH "NM_AYAH" true true false 254 Text 0 0 ,First,#,BAWU,NM_AYAH,-1,-1,GENENGSARI,NM_AYAH,-1,-1,KEDUNGMULYO,NM_AYAH,-1,-1,KEDUNGREJO,NM_AYAH,-1,-1,KEMUSU,NM_AYAH,-1,-1,KENDEL,NM_AYAH,-1,-1,KLEWOR,NM_AYAH,-1,-1,SARIMULYO,NM_AYAH,-1,-1,WATUGEDE,NM_AYAH,-1,-1,WONOHARJO,NM_AYAH,-1,-1;NM_IBU "NM_IBU" true true false 254 Text 0 0 ,First,#,BAWU,NM_IBU,-1,-1,GENENGSARI,NM_IBU,-1,-1,KEDUNGMULYO,NM_IBU,-1,-1,KEDUNGREJO,NM_IBU,-1,-1,KEMUSU,NM_IBU,-1,-1,KENDEL,NM_IBU,-1,-1,KLEWOR,NM_IBU,-1,-1,SARIMULYO,NM_IBU,-1,-1,WATUGEDE,NM_IBU,-1,-1,WONOHARJO,NM_IBU,-1,-1;TGL_LHR "TGL_LHR" true true false 50 Text 0 0 ,First,#,BAWU,TGL_LHR,-1,-1,GENENGSARI,TGL_LHR,-1,-1,KEDUNGMULYO,TGL_LHR,-1,-1,KEDUNGREJO,TGL_LHR,-1,-1,KEMUSU,TGL_LHR,-1,-1,KENDEL,TGL_LHR,-1,-1,KLEWOR,TGL_LHR,-1,-1,SARIMULYO,TGL_LHR,-1,-1,WATUGEDE,TGL_LHR,-1,-1,WONOHARJO,TGL_LHR,-1,-1;ID "ID" true true false 254 Text 0 0 ,First,#,BAWU,ID,-1,-1,KENDEL,ID,-1,-1,KLEWOR,ID,-1,-1,SARIMULYO,ID,-1,-1,WATUGEDE,ID,-1,-1;WILAYAHID "WILAYAHID" true true false 254 Text 0 0 ,First,#,BAWU,WILAYAHID,-1,-1,KENDEL,WILAYAHID,-1,-1,KLEWOR,WILAYAHID,-1,-1,SARIMULYO,WILAYAHID,-1,-1,WATUGEDE,WILAYAHID,-1,-1;KODEWILAYA "KODEWILAYA" true true false 254 Text 0 0 ,First,#,BAWU,KODEWILAYA,-1,-1,KENDEL,KODEWILAYA,-1,-1,KLEWOR,KODEWILAYA,-1,-1,SARIMULYO,KODEWILAYA,-1,-1,WATUGEDE,KODEWILAYA,-1,-1;KECAMATAN_ "KECAMATAN_" true true false 254 Text 0 0 ,First,#,BAWU,KECAMATAN_,-1,-1,KENDEL,KECAMATAN_,-1,-1,KLEWOR,KECAMATAN_,-1,-1,SARIMULYO,KECAMATAN_,-1,-1,WATUGEDE,KECAMATAN_,-1,-1;KELURAHAN_ "KELURAHAN_" true true false 254 Text 0 0 ,First,#,BAWU,KELURAHAN_,-1,-1,KENDEL,KELURAHAN_,-1,-1,KLEWOR,KELURAHAN_,-1,-1,SARIMULYO,KELURAHAN_,-1,-1,WATUGEDE,KELURAHAN_,-1,-1;TIPEHAK "TIPEHAK" true true false 254 Text 0 0 ,First,#,BAWU,TIPEHAK,-1,-1,KEMUSU,TIPEHAK,-1,-1,KENDEL,TIPEHAK,-1,-1,KLEWOR,TIPEHAK,-1,-1,SARIMULYO,TIPEHAK,-1,-1,WATUGEDE,TIPEHAK,-1,-1;TIPEPRODUK "TIPEPRODUK" true true false 254 Text 0 0 ,First,#,BAWU,TIPEPRODUK,-1,-1,KEMUSU,TIPEPRODUK,-1,-1,KENDEL,TIPEPRODUK,-1,-1,KLEWOR,TIPEPRODUK,-1,-1,SARIMULYO,TIPEPRODUK,-1,-1,WATUGEDE,TIPEPRODUK,-1,-1;TAHUN "TAHUN" true true false 19 Double 0 0 ,First,#,BAWU,TAHUN,-1,-1,KEMUSU,TAHUN,-1,-1,KENDEL,TAHUN,-1,-1,KLEWOR,TAHUN,-1,-1,SARIMULYO,TAHUN,-1,-1,WATUGEDE,TAHUN,-1,-1;NIB "NIB" true true false 254 Text 0 0 ,First,#,BAWU,NIB,-1,-1,GENENGSARI,NIB,-1,-1,KEDUNGMULYO,NIB,-1,-1,KEDUNGREJO,NIB,-1,-1,KEMUSU,NIB,-1,-1,KENDEL,NIB,-1,-1,KLEWOR,NIB,-1,-1,SARIMULYO,NIB,-1,-1,WATUGEDE,NIB,-1,-1,WONOHARJO,NIB,-1,-1;LUASTERTUL "LUASTERTUL" true true false 19 Double 0 0 ,First,#,BAWU,LUASTERTUL,-1,-1,KENDEL,LUASTERTUL,-1,-1,KLEWOR,LUASTERTUL,-1,-1,SARIMULYO,LUASTERTUL,-1,-1,WATUGEDE,LUASTERTUL,-1,-1;LUASPETA "LUASPETA" true true false 19 Double 0 0 ,First,#,BAWU,LUASPETA,-1,-1,KENDEL,LUASPETA,-1,-1,KLEWOR,LUASPETA,-1,-1,SARIMULYO,LUASPETA,-1,-1,WATUGEDE,LUASPETA,-1,-1;NHM "NHM" true true false 254 Text 0 0 ,First,#,BAWU,NHM,-1,-1,GENENGSARI,NHM,-1,-1,KEDUNGMULYO,NHM,-1,-1,KEDUNGREJO,NHM,-1,-1,KEMUSU,NHM,-1,-1,KENDEL,NHM,-1,-1,KLEWOR,NHM,-1,-1,SARIMULYO,NHM,-1,-1,WATUGEDE,NHM,-1,-1,WONOHARJO,NHM,-1,-1;NO_SU "NO_SU" true true false 254 Text 0 0 ,First,#,BAWU,NO_SU,-1,-1,GENENGSARI,NO_SU,-1,-1,KEDUNGMULYO,NO_SU,-1,-1,KEDUNGREJO,NO_SU,-1,-1,KEMUSU,NO_SU,-1,-1,KENDEL,NO_SU,-1,-1,KLEWOR,NO_SU,-1,-1,SARIMULYO,NO_SU,-1,-1,WATUGEDE,NO_SU,-1,-1,WONOHARJO,NO_SU,-1,-1;NIB_1 "NIB_1" true true false 254 Text 0 0 ,First,#,BAWU,NIB_1,-1,-1,KENDEL,NIB_1,-1,-1,KLEWOR,NIB_1,-1,-1,SARIMULYO,NIB_1,-1,-1,WATUGEDE,NIB_1,-1,-1;LUAS_SERTI "LUAS_SERTI" true true false 254 Text 0 0 ,First,#,BAWU,LUAS_SERTI,-1,-1,GENENGSARI,LUAS_SERTI,-1,-1,KEDUNGMULYO,LUAS_SERTI,-1,-1,KEDUNGREJO,LUAS_SERTI,-1,-1,KEMUSU,LUAS_SERTI,-1,-1,KENDEL,LUAS_SERTI,-1,-1,KLEWOR,LUAS_SERTI,-1,-1,SARIMULYO,LUAS_SERTI,-1,-1,WATUGEDE,LUAS_SERTI,-1,-1,WONOHARJO,LUAS_SERTI,-1,-1;LUAS_PETA "LUAS_PETA" true true false 254 Text 0 0 ,First,#,BAWU,LUAS_PETA,-1,-1,GENENGSARI,LUAS_PETA,-1,-1,KEDUNGMULYO,LUAS_PETA,-1,-1,KEDUNGREJO,LUAS_PETA,-1,-1,KEMUSU,LUAS_PETA,-1,-1,KENDEL,LUAS_PETA,-1,-1,KLEWOR,LUAS_PETA,-1,-1,SARIMULYO,LUAS_PETA,-1,-1,WATUGEDE,LUAS_PETA,-1,-1,WONOHARJO,LUAS_PETA,-1,-1;KW "KW" true true false 254 Text 0 0 ,First,#,BAWU,KW,-1,-1,GENENGSARI,KW,-1,-1,KEDUNGMULYO,KW,-1,-1,KEDUNGREJO,KW,-1,-1,KEMUSU,KW,-1,-1,KENDEL,KW,-1,-1,KLEWOR,KW,-1,-1,SARIMULYO,KW,-1,-1,WATUGEDE,KW,-1,-1,WONOHARJO,KW,-1,-1;PMLK_1 "PMLK_1" true true false 254 Text 0 0 ,First,#,BAWU,PMLK_1,-1,-1,GENENGSARI,PMLK_1,-1,-1,KEDUNGMULYO,PMLK_1,-1,-1,KEDUNGREJO,PMLK_1,-1,-1,KEMUSU,PMLK_1,-1,-1,KENDEL,PMLK_1,-1,-1,KLEWOR,PMLK_1,-1,-1,SARIMULYO,PMLK_1,-1,-1,WATUGEDE,PMLK_1,-1,-1,WONOHARJO,PMLK_1,-1,-1;PMLK_T "PMLK_T" true true false 254 Text 0 0 ,First,#,BAWU,PMLK_T,-1,-1,GENENGSARI,PMLK_T,-1,-1,KEDUNGMULYO,PMLK_T,-1,-1,KEDUNGREJO,PMLK_T,-1,-1,KEMUSU,PMLK_T,-1,-1,KENDEL,PMLK_T,-1,-1,KLEWOR,PMLK_T,-1,-1,SARIMULYO,PMLK_T,-1,-1,WATUGEDE,PMLK_T,-1,-1,WONOHARJO,PMLK_T,-1,-1;TIPE_HAK "TIPE_HAK" true true false 254 Text 0 0 ,First,#,BAWU,TIPE_HAK,-1,-1,GENENGSARI,TIPE_HAK,-1,-1,KEDUNGMULYO,TIPE_HAK,-1,-1,KEDUNGREJO,TIPE_HAK,-1,-1,KEMUSU,TIPE_HAK,-1,-1,KENDEL,TIPE_HAK,-1,-1,KLEWOR,TIPE_HAK,-1,-1,SARIMULYO,TIPE_HAK,-1,-1,WATUGEDE,TIPE_HAK,-1,-1,WONOHARJO,TIPE_HAK,-1,-1;ORIG_FID_1 "ORIG_FID_1" true true false 10 Long 0 10 ,First,#,BAWU,ORIG_FID_1,-1,-1,KENDEL,ORIG_FID_1,-1,-1,KLEWOR,ORIG_FID_1,-1,-1,SARIMULYO,ORIG_FID_1,-1,-1,WATUGEDE,ORIG_FID_1,-1,-1;CEK "CEK" true true false 50 Text 0 0 ,First,#,BAWU,CEK,-1,-1,KENDEL,CEK,-1,-1,KLEWOR,CEK,-1,-1,SARIMULYO,CEK,-1,-1,WATUGEDE,CEK,-1,-1;Shape_Le_1 "Shape_Le_1" true true false 19 Double 0 0 ,First,#,BAWU,Shape_Le_1,-1,-1,GENENGSARI,Shape_Le_1,-1,-1,KEDUNGMULYO,Shape_Le_1,-1,-1,KEDUNGREJO,Shape_Le_1,-1,-1,KEMUSU,Shape_Le_1,-1,-1,KENDEL,Shape_Le_1,-1,-1,KLEWOR,Shape_Le_1,-1,-1,SARIMULYO,Shape_Le_1,-1,-1,WATUGEDE,Shape_Le_1,-1,-1,WONOHARJO,Shape_Le_1,-1,-1;Shape_Area "Shape_Area" true true false 19 Double 0 0 ,First,#,BAWU,Shape_Area,-1,-1,GENENGSARI,Shape_Area,-1,-1,KEDUNGMULYO,Shape_Area,-1,-1,KEDUNGREJO,Shape_Area,-1,-1,KEMUSU,Shape_Area,-1,-1,KENDEL,Shape_Area,-1,-1,KLEWOR,Shape_Area,-1,-1,SARIMULYO,Shape_Area,-1,-1,WATUGEDE,Shape_Area,-1,-1,WONOHARJO,Shape_Area,-1,-1;OBJECTID_1 "OBJECTID_1" true true false 10 Long 0 10 ,First,#,GENENGSARI,OBJECTID_1,-1,-1,KEDUNGMULYO,OBJECTID_1,-1,-1,KEMUSU,OBJECTID_1,-1,-1,WONOHARJO,OBJECTID_1,-1,-1;KLAS_PL "KLAS_PL" true true false 50 Text 0 0 ,First,#,GENENGSARI,KLAS_PL,-1,-1,KEDUNGMULYO,KLAS_PL,-1,-1,KEDUNGREJO,KLAS_PL,-1,-1,WONOHARJO,KLAS_PL,-1,-1;Shape_Le_2 "Shape_Le_2" true true false 19 Double 0 0 ,First,#,GENENGSARI,Shape_Le_2,-1,-1,KEDUNGMULYO,Shape_Le_2,-1,-1,WONOHARJO,Shape_Le_2,-1,-1;TAHUN_PAJA "TAHUN_PAJA" true true false 254 Text 0 0 ,First,#,KEMUSU,TAHUN_PAJA,-1,-1;JOINED "JOINED" true true false 50 Text 0 0 ,First,#,KEMUSU,JOINED,-1,-1;DUSUN_JOIN "DUSUN_JOIN" true true false 50 Text 0 0 ,First,#,KEMUSU,DUSUN_JOIN,-1,-1"</Process><Process ToolSource="c:\program files (x86)\arcgis\desktop10.8\ArcToolbox\Toolboxes\Data Management Tools.tbx\CalculateField" Date="20241203" Time="130055">CalculateField "Bidang Tanah_Kec" TIPE_HAK "Hak Milik" VB #</Process><Process ToolSource="c:\program files (x86)\arcgis\desktop10.8\ArcToolbox\Toolboxes\Data Management Tools.tbx\CalculateField" Date="20241203" Time="130220">CalculateField "Bidang Tanah_Kec" TIPE_HAK "Kosong" VB #</Process><Process ToolSource="c:\program files (x86)\arcgis\desktop10.8\ArcToolbox\Toolboxes\Data Management Tools.tbx\CalculateField" Date="20241203" Time="130845">CalculateField "Bidang Tanah_Kec" TIPE_HAK "Kosong" VB #</Process><Process ToolSource="c:\program files (x86)\arcgis\desktop10.8\ArcToolbox\Toolboxes\Data Management Tools.tbx\CalculateField" Date="20241203" Time="130916">CalculateField "Bidang Tanah_Kec" TIPE_HAK "Kosong" VB #</Process><Process ToolSource="c:\program files (x86)\arcgis\desktop10.8\ArcToolbox\Toolboxes\Data Management Tools.tbx\CalculateField" Date="20241203" Time="131238">CalculateField "Bidang Tanah_Kec" TIPE_HAK "Kosong" VB #</Process><Process ToolSource="c:\program files (x86)\arcgis\desktop10.8\ArcToolbox\Toolboxes\Data Management Tools.tbx\CalculateField" Date="20241203" Time="131257">CalculateField "Bidang Tanah_Kec" TIPE_HAK "Kosong" VB #</Process><Process ToolSource="c:\program files (x86)\arcgis\desktop10.8\ArcToolbox\Toolboxes\Data Management Tools.tbx\CalculateField" Date="20241203" Time="131306">CalculateField "Bidang Tanah_Kec" TIPE_HAK "Kosong" VB #</Process><Process ToolSource="c:\program files (x86)\arcgis\desktop10.8\ArcToolbox\Toolboxes\Data Management Tools.tbx\CalculateField" Date="20241203" Time="131614">CalculateField "Bidang Tanah_Kec" TIPE_HAK "Hak Pakai" VB #</Process><Process ToolSource="c:\program files (x86)\arcgis\desktop10.8\ArcToolbox\Toolboxes\Data Management Tools.tbx\CalculateField" Date="20241203" Time="131703">CalculateField "Bidang Tanah_Kec" TIPE_HAK "Hak Pakai" VB #</Process><Process ToolSource="c:\program files (x86)\arcgis\desktop10.8\ArcToolbox\Toolboxes\Data Management Tools.tbx\DeleteField" Date="20250224" Time="224649">DeleteField Bidang_Tanah OBJECTID;d_nop;d_luas;nop;THN_PAJAK;NOP_1;NAMA_WP;ALMAT_SUBP;ALMAT_OBJP;NOMINALPBB;PBB_DBYR;SISA_BYR;ORIG_FID;DESA;RIWAYAT;PETUGAS;NOMOR;HARGA;PANEN;IRIGASI;PAJAK;NOC;PERSIL;KELAS;ZNT;KEMISKINAN;BANTUAN;KESEHATAN;NIK;NAMA;BLOK;Shape_Leng;NIK_1;NO_KK;NAMA_KTP;JNS_KLMN;UMUR;TMP_LHR;ALMT_KTP;RT_KTP;RW_KTP;SHDK;STTS_KWN;PENDIDIKAN;AGAMA;PEKERJAAN;NM_AYAH;NM_IBU;TGL_LHR;ID;WILAYAHID;KODEWILAYA;KECAMATAN_;KELURAHAN_;TIPEHAK;TIPEPRODUK;TAHUN;NIB;LUASTERTUL;LUASPETA;NHM;NO_SU;NIB_1;LUAS_SERTI;LUAS_PETA;KW;PMLK_1;PMLK_T;TAHUN_PAJA;JOINED;DUSUN_JOIN</Process><Process ToolSource="c:\program files (x86)\arcgis\desktop10.8\ArcToolbox\Toolboxes\Data Management Tools.tbx\CalculateField" Date="20250317" Time="160558">CalculateField Bidang_Tanah Sertifikat "Ada" VB #</Process><Process ToolSource="c:\program files (x86)\arcgis\desktop10.8\ArcToolbox\Toolboxes\Data Management Tools.tbx\CalculateField" Date="20250317" Time="160615">CalculateField Bidang_Tanah Sertifikat "Ada" VB #</Process><Process ToolSource="c:\program files (x86)\arcgis\desktop10.8\ArcToolbox\Toolboxes\Data Management Tools.tbx\CalculateField" Date="20250317" Time="160658">CalculateField Bidang_Tanah Sertifikat "Belum Ada" VB #</Process><Process ToolSource="c:\program files (x86)\arcgis\desktop10.8\ArcToolbox\Toolboxes\Data Management Tools.tbx\CalculateField" Date="20250317" Time="160744">CalculateField Bidang_Tanah Sertifikat "Tidak Bersertifikat" VB #</Process><Process ToolSource="c:\program files (x86)\arcgis\desktop10.8\ArcToolbox\Toolboxes\Data Management Tools.tbx\CalculateField" Date="20250317" Time="160801">CalculateField Bidang_Tanah Sertifikat "Tidak Bersertifikat" VB #</Process><Process ToolSource="c:\program files (x86)\arcgis\desktop10.8\ArcToolbox\Toolboxes\Data Management Tools.tbx\CalculateField" Date="20250317" Time="160812">CalculateField Bidang_Tanah Sertifikat "Tidak Bersertifikat" VB #</Process><Process ToolSource="c:\program files (x86)\arcgis\desktop10.8\ArcToolbox\Toolboxes\Data Management Tools.tbx\CalculateField" Date="20250317" Time="160828">CalculateField Bidang_Tanah Sertifikat "Tidak Diketahui" VB #</Process><Process ToolSource="c:\program files (x86)\arcgis\desktop10.8\ArcToolbox\Toolboxes\Data Management Tools.tbx\CalculateField" Date="20250317" Time="160942">CalculateField Bidang_Tanah Sertifikat "Bersertifikat" VB #</Process><Process ToolSource="c:\program files (x86)\arcgis\desktop10.8\ArcToolbox\Toolboxes\Data Management Tools.tbx\CalculateField" Date="20250317" Time="161113">CalculateField Bidang_Tanah Sertifikat "Bersertifikat" VB #</Process><Process ToolSource="c:\program files (x86)\arcgis\desktop10.8\ArcToolbox\Toolboxes\Data Management Tools.tbx\CalculateField" Date="20250317" Time="161159">CalculateField Bidang_Tanah Sertifikat "Tidak Bersertifikat" VB #</Process><Process ToolSource="c:\program files (x86)\arcgis\desktop10.8\ArcToolbox\Toolboxes\Data Management Tools.tbx\CalculateField" Date="20250317" Time="161208">CalculateField Bidang_Tanah Sertifikat "Tidak Bersertifikat" VB #</Process><Process ToolSource="c:\program files (x86)\arcgis\desktop10.8\ArcToolbox\Toolboxes\Data Management Tools.tbx\CalculateField" Date="20250317" Time="161238">CalculateField Bidang_Tanah Sertifikat "Tidak Diketahui" VB #</Process><Process ToolSource="c:\program files (x86)\arcgis\desktop10.8\ArcToolbox\Toolboxes\Data Management Tools.tbx\CalculateField" Date="20250317" Time="161248">CalculateField Bidang_Tanah Sertifikat "Tidak Diketahui" VB #</Process><Process ToolSource="c:\program files (x86)\arcgis\desktop10.8\ArcToolbox\Toolboxes\Data Management Tools.tbx\CalculateField" Date="20250317" Time="161421">CalculateField Bidang_Tanah Sertifikat "Bersertifikat" VB #</Process><Process ToolSource="c:\program files (x86)\arcgis\desktop10.8\ArcToolbox\Toolboxes\Data Management Tools.tbx\CalculateField" Date="20250317" Time="161504">CalculateField Bidang_Tanah Sertifikat "Bersertifikat" VB #</Process><Process ToolSource="c:\program files (x86)\arcgis\desktop10.8\ArcToolbox\Toolboxes\Data Management Tools.tbx\CalculateField" Date="20250317" Time="161621">CalculateField Bidang_Tanah Sertifikat "Bersertifikat" VB #</Process><Process ToolSource="c:\program files (x86)\arcgis\desktop10.8\ArcToolbox\Toolboxes\Data Management Tools.tbx\CalculateField" Date="20250317" Time="161637">CalculateField Bidang_Tanah Sertifikat "Bersertifikat" VB #</Process><Process ToolSource="c:\program files (x86)\arcgis\desktop10.8\ArcToolbox\Toolboxes\Data Management Tools.tbx\CalculateField" Date="20250317" Time="161647">CalculateField Bidang_Tanah Sertifikat "Bersertifikat" VB #</Process><Process ToolSource="c:\program files (x86)\arcgis\desktop10.8\ArcToolbox\Toolboxes\Data Management Tools.tbx\CalculateField" Date="20250317" Time="161717">CalculateField Bidang_Tanah Sertifikat "Tidak Bersertifikat" VB #</Process><Process ToolSource="c:\program files (x86)\arcgis\desktop10.8\ArcToolbox\Toolboxes\Data Management Tools.tbx\CalculateField" Date="20250317" Time="161755">CalculateField Bidang_Tanah Sertifikat "Tidak Bersertifikat" VB #</Process><Process ToolSource="c:\program files (x86)\arcgis\desktop10.8\ArcToolbox\Toolboxes\Data Management Tools.tbx\CalculateField" Date="20250317" Time="161840">CalculateField Bidang_Tanah Sertifikat "Bersertifikat" VB #</Process><Process ToolSource="c:\program files (x86)\arcgis\desktop10.8\ArcToolbox\Toolboxes\Data Management Tools.tbx\CalculateField" Date="20250317" Time="161943">CalculateField Bidang_Tanah Sertifikat "Tidak Diketahui" VB #</Process><Process ToolSource="c:\program files (x86)\arcgis\desktop10.8\ArcToolbox\Toolboxes\Data Management Tools.tbx\CalculateField" Date="20250317" Time="161953">CalculateField Bidang_Tanah Sertifikat "Tidak Diketahui" VB #</Process><Process ToolSource="c:\program files (x86)\arcgis\desktop10.8\ArcToolbox\Toolboxes\Data Management Tools.tbx\CalculateField" Date="20250317" Time="162005">CalculateField Bidang_Tanah Sertifikat "Tidak Bersertifikat" VB #</Process><Process ToolSource="c:\program files (x86)\arcgis\desktop10.8\ArcToolbox\Toolboxes\Data Management Tools.tbx\CalculateField" Date="20250317" Time="162032">CalculateField Bidang_Tanah Sertifikat "Bersertifikat" VB #</Process><Process ToolSource="c:\program files (x86)\arcgis\desktop10.8\ArcToolbox\Toolboxes\Data Management Tools.tbx\CalculateField" Date="20250317" Time="162146">CalculateField Bidang_Tanah Sertifikat "" VB #</Process><Process ToolSource="c:\program files (x86)\arcgis\desktop10.8\ArcToolbox\Toolboxes\Data Management Tools.tbx\Dissolve" Date="20250527" Time="153120">Dissolve Bidang_Tanah "E:\SEMESTER 6\shp\WEBGIS\Hak.shp" TIPE_HAK # MULTI_PART DISSOLVE_LINES</Process><Process ToolSource="c:\program files (x86)\arcgis\desktop10.8\ArcToolbox\Toolboxes\Analysis Tools.tbx\Clip" Date="20250527" Time="175249">Clip Hak "kec kemusu" "E:\SEMESTER 6\shp\WEBGIS\Hak Hak.shp" #</Process><Process ToolSource="c:\program files (x86)\arcgis\desktop10.8\ArcToolbox\Toolboxes\Analysis Tools.tbx\Clip" Date="20250528" Time="100306">Clip "Hak Hak" Admin_Desa_Bawu "E:\SEMESTER 6\shp\WEBGIS\Hak_Bawu.shp" #</Process></lineage><itemProps><itemName Sync="TRUE">Hak_Bawu</itemName><imsContentType Sync="TRUE">002</imsContentType><itemLocation><linkage Sync="TRUE">file://\\NAMAGUAAZI\E$\SEMESTER 6\shp\WEBGIS\Hak_Bawu.shp</linkage><protocol Sync="TRUE">Local Area Network</protocol></itemLocation><itemSize Sync="TRUE">0.000</itemSize></itemProps><coordRef><type Sync="TRUE">Projected</type><geogcsn Sync="TRUE">GCS_WGS_1984</geogcsn><csUnits Sync="TRUE">Linear Unit: Meter (1.000000)</csUnits><projcsn Sync="TRUE">WGS_1984_UTM_Zone_49S</projcsn><peXml Sync="TRUE">&lt;ProjectedCoordinateSystem xsi:type='typens:ProjectedCoordinateSystem' xmlns:xsi='http://www.w3.org/2001/XMLSchema-instance' xmlns:xs='http://www.w3.org/2001/XMLSchema' xmlns:typens='http://www.esri.com/schemas/ArcGIS/10.7'&gt;&lt;WKT&gt;PROJCS[&amp;quot;WGS_1984_UTM_Zone_49S&amp;quot;,GEOGCS[&amp;quot;GCS_WGS_1984&amp;quot;,DATUM[&amp;quot;D_WGS_1984&amp;quot;,SPHEROID[&amp;quot;WGS_1984&amp;quot;,6378137.0,298.257223563]],PRIMEM[&amp;quot;Greenwich&amp;quot;,0.0],UNIT[&amp;quot;Degree&amp;quot;,0.0174532925199433]],PROJECTION[&amp;quot;Transverse_Mercator&amp;quot;],PARAMETER[&amp;quot;False_Easting&amp;quot;,500000.0],PARAMETER[&amp;quot;False_Northing&amp;quot;,10000000.0],PARAMETER[&amp;quot;Central_Meridian&amp;quot;,111.0],PARAMETER[&amp;quot;Scale_Factor&amp;quot;,0.9996],PARAMETER[&amp;quot;Latitude_Of_Origin&amp;quot;,0.0],UNIT[&amp;quot;Meter&amp;quot;,1.0],AUTHORITY[&amp;quot;EPSG&amp;quot;,32749]]&lt;/WKT&gt;&lt;XOrigin&gt;-5120900&lt;/XOrigin&gt;&lt;YOrigin&gt;1900&lt;/YOrigin&gt;&lt;XYScale&gt;450445547.3910538&lt;/XYScale&gt;&lt;ZOrigin&gt;-100000&lt;/ZOrigin&gt;&lt;ZScale&gt;10000&lt;/ZScale&gt;&lt;MOrigin&gt;-100000&lt;/MOrigin&gt;&lt;MScale&gt;10000&lt;/MScale&gt;&lt;XYTolerance&gt;0.001&lt;/XYTolerance&gt;&lt;ZTolerance&gt;0.001&lt;/ZTolerance&gt;&lt;MTolerance&gt;0.001&lt;/MTolerance&gt;&lt;HighPrecision&gt;true&lt;/HighPrecision&gt;&lt;WKID&gt;32749&lt;/WKID&gt;&lt;LatestWKID&gt;32749&lt;/LatestWKID&gt;&lt;/ProjectedCoordinateSystem&gt;</peXml></coordRef><copyHistory><copy source="D:\SEMESTER 6\Peraturan Zonasi\SHP\Bidang_Tanah" dest="\\BINTANG-FIRDAUS\D$\SEMESTER 6\Peraturan Zonasi\Peraturan Zonasi\commondata\shp\Bidang_Tanah" date="20250224" time="22494900"></copy></copyHistory></DataProperties><SyncDate>20250528</SyncDate><SyncTime>10030400</SyncTime><ModDate>20250528</ModDate><ModTime>10030400</ModTime></Esri><dataIdInfo><envirDesc Sync="TRUE"> Version 6.2 (Build 9200) ; Esri ArcGIS 10.8.0.12790</envirDesc><dataLang><languageCode value="eng" Sync="TRUE"></languageCode><countryCode value="IDN" Sync="TRUE"></countryCode></dataLang><idCitation><resTitle Sync="TRUE">Hak_Bawu</resTitle><presForm><PresFormCd value="005" Sync="TRUE"></PresFormCd></presForm></idCitation><spatRpType><SpatRepTypCd value="001" Sync="TRUE"></SpatRepTypCd></spatRpType></dataIdInfo><mdLang><languageCode value="eng" Sync="TRUE"></languageCode><countryCode value="IDN" Sync="TRUE"></countryCode></mdLang><distInfo><distFormat><formatName Sync="TRUE">Shapefile</formatName></distFormat><distTranOps><transSize Sync="TRUE">0.000</transSize></distTranOps></distInfo><mdHrLv><ScopeCd value="005" Sync="TRUE"></ScopeCd></mdHrLv><mdHrLvName Sync="TRUE">dataset</mdHrLvName><spatRepInfo><VectSpatRep><geometObjs Name="Hak_Bawu"><geoObjTyp><GeoObjTypCd value="002" Sync="TRUE"></GeoObjTypCd></geoObjTyp><geoObjCnt Sync="TRUE">0</geoObjCnt></geometObjs><topLvl><TopoLevCd value="001" Sync="TRUE"></TopoLevCd></topLvl></VectSpatRep></spatRepInfo><spdoinfo><ptvctinf><esriterm Name="Hak_Bawu"><efeatyp Sync="TRUE">Simple</efeatyp><efeageom code="4" Sync="TRUE"></efeageom><esritopo Sync="TRUE">FALSE</esritopo><efeacnt Sync="TRUE">0</efeacnt><spindex Sync="TRUE">FALSE</spindex><linrefer Sync="TRUE">TRUE</linrefer></esriterm></ptvctinf></spdoinfo><eainfo><detailed Name="Hak_Bawu"><enttyp><enttypl Sync="TRUE">Hak_Bawu</enttypl><enttypt Sync="TRUE">Feature Class</enttypt><enttypc Sync="TRUE">0</enttypc></enttyp><attr><attrlabl Sync="TRUE">FID</attrlabl><attalias Sync="TRUE">FID</attalias><attrtype Sync="TRUE">OID</attrtype><attwidth Sync="TRUE">4</attwidth><atprecis Sync="TRUE">0</atprecis><attscale Sync="TRUE">0</attscale><attrdef Sync="TRUE">Internal feature number.</attrdef><attrdefs Sync="TRUE">Esri</attrdefs><attrdomv><udom Sync="TRUE">Sequential unique whole numbers that are automatically generated.</udom></attrdomv></attr><attr><attrlabl Sync="TRUE">Shape</attrlabl><attalias Sync="TRUE">Shape</attalias><attrtype Sync="TRUE">Geometry</attrtype><attwidth Sync="TRUE">0</attwidth><atprecis Sync="TRUE">0</atprecis><attscale Sync="TRUE">0</attscale><attrdef Sync="TRUE">Feature geometry.</attrdef><attrdefs Sync="TRUE">Esri</attrdefs><attrdomv><udom Sync="TRUE">Coordinates defining the features.</udom></attrdomv></attr><attr><attrlabl Sync="TRUE">TIPE_HAK</attrlabl><attalias Sync="TRUE">TIPE_HAK</attalias><attrtype Sync="TRUE">String</attrtype><attwidth Sync="TRUE">254</attwidth><atprecis Sync="TRUE">0</atprecis><attscale Sync="TRUE">0</attscale></attr></detailed></eainfo><mdDateSt Sync="TRUE">20250528</mdDateSt><mdChar><CharSetCd value="004" Sync="TRUE"></CharSetCd></mdChar><refSysInfo><RefSystem><refSysID><identCode code="32749" Sync="TRUE"></identCode><idCodeSpace Sync="TRUE">EPSG</idCodeSpace><idVersion Sync="TRUE">6.11.1(3.0.1)</idVersion></refSysID></RefSystem></refSysInfo></metadata>
